"","CASE_STATUS","REFILE","EMPLOYER_STATE","FW_OWNERSHIP_INTEREST","PW_SOC_CODE","PW_LEVEL_9089","JOB_INFO_WORK_STATE","JOB_INFO_EDUCATION","JOB_INFO_TRAINING","JOB_INFO_ALT_FIELD","JOB_INFO_JOB_REQ_NORMAL","JOB_INFO_FOREIGN_LANG_REQ","JOB_INFO_COMBO_OCCUPATION","JI_OFFERED_TO_SEC_J_FW","JI_FW_LIVE_ON_PREMISES","JI_LIVE_IN_DOMESTIC_SERVICE","RECR_INFO_PROFESSIONAL_OCC","RECR_INFO_COLL_UNIV_TEACHER","RECR_INFO_EMPLOYER_REC_PAYMENT","FW_INFO_BIRTH_COUNTRY","CLASS_OF_ADMISSION","FOREIGN_WORKER_INFO_EDUCATION","FW_INFO_TRAINING_COMP","EMPLOYER_DECL_INFO_TITLE"
"HEADERS19","CASE_STATUS","REFILE","EMPLOYER_STATE","FW_OWNERSHIP_INTEREST","PW_SOC_CODE","PW_LEVEL_9089","JOB_INFO_WORK_STATE","JOB_INFO_EDUCATION","JOB_INFO_TRAINING","JOB_INFO_ALT_FIELD","JOB_INFO_JOB_REQ_NORMAL","JOB_INFO_FOREIGN_LANG_REQ","JOB_INFO_COMBO_OCCUPATION","JI_OFFERED_TO_SEC_J_FW","JI_FW_LIVE_ON_PREMISES","JI_LIVE_IN_DOMESTIC_SERVICE","RECR_INFO_PROFESSIONAL_OCC","RECR_INFO_COLL_UNIV_TEACHER","RECR_INFO_EMPLOYER_REC_PAYMENT","FW_INFO_BIRTH_COUNTRY","CLASS_OF_ADMISSION","FOREIGN_WORKER_INFO_EDUCATION","FW_INFO_TRAINING_COMP","EMPLOYER_DECL_INFO_TITLE"
"HEADERS18","CASE_STATUS","REFILE","EMPLOYER_STATE","FW_OWNERSHIP_INTEREST","PW_SOC_CODE","PW_LEVEL_9089","JOB_INFO_WORK_STATE","JOB_INFO_EDUCATION","JOB_INFO_TRAINING","JOB_INFO_ALT_FIELD","JOB_INFO_JOB_REQ_NORMAL","JOB_INFO_FOREIGN_LANG_REQ","JOB_INFO_COMBO_OCCUPATION","JI_OFFERED_TO_SEC_J_FW","JI_FW_LIVE_ON_PREMISES","JI_LIVE_IN_DOMESTIC_SERVICE","RECR_INFO_PROFESSIONAL_OCC","RECR_INFO_COLL_UNIV_TEACHER","RECR_INFO_EMPLOYER_REC_PAYMENT","FW_INFO_BIRTH_COUNTRY","CLASS_OF_ADMISSION","FOREIGN_WORKER_INFO_EDUCATION","FW_INFO_TRAINING_COMP","EMPLOYER_DECL_INFO_TITLE"
"HEADERS17","CASE_STATUS","REFILE","EMPLOYER_STATE","FW_OWNERSHIP_INTEREST","PW_SOC_CODE","PW_LEVEL_9089","JOB_INFO_WORK_STATE","JOB_INFO_EDUCATION","JOB_INFO_TRAINING","JOB_INFO_ALT_FIELD","JOB_INFO_JOB_REQ_NORMAL","JOB_INFO_FOREIGN_LANG_REQ","JOB_INFO_COMBO_OCCUPATION","JI_OFFERED_TO_SEC_J_FW","JI_FW_LIVE_ON_PREMISES","JI_LIVE_IN_DOMESTIC_SERVICE","RECR_INFO_PROFESSIONAL_OCC","RECR_INFO_COLL_UNIV_TEACHER","RECR_INFO_EMPLOYER_REC_PAYMENT","FW_INFO_BIRTH_COUNTRY","CLASS_OF_ADMISSION","FOREIGN_WORKER_INFO_EDUCATION","FW_INFO_TRAINING_COMP","EMPLOYER_DECL_INFO_TITLE"
"HEADERS16","CASE_STATUS","REFILE","EMPLOYER_STATE","FW_OWNERSHIP_INTEREST","PW_SOC_CODE","PW_LEVEL_9089","JOB_INFO_WORK_STATE","JOB_INFO_EDUCATION","JOB_INFO_TRAINING","JOB_INFO_ALT_FIELD","JOB_INFO_JOB_REQ_NORMAL","JOB_INFO_FOREIGN_LANG_REQ","JOB_INFO_COMBO_OCCUPATION","JI_OFFERED_TO_SEC_J_FW","JI_FW_LIVE_ON_PREMISES","JI_LIVE_IN_DOMESTIC_SERVICE","RECR_INFO_PROFESSIONAL_OCC","RECR_INFO_COLL_UNIV_TEACHER","RECR_INFO_EMPLOYER_REC_PAYMENT","FW_INFO_BIRTH_COUNTRY","CLASS_OF_ADMISSION","FOREIGN_WORKER_INFO_EDUCATION","FW_INFO_TRAINING_COMP","EMPLOYER_DECL_INFO_TITLE"
"HEADERS15","CASE_STATUS","REFILE","EMPLOYER_STATE","FW_OWNERSHIP_INTEREST","PW_SOC_CODE","PW_LEVEL_9089","JOB_INFO_WORK_STATE","JOB_INFO_EDUCATION","JOB_INFO_TRAINING","JOB_INFO_ALT_FIELD","JOB_INFO_JOB_REQ_NORMAL","JOB_INFO_FOREIGN_LANG_REQ","JOB_INFO_COMBO_OCCUPATION","JI_OFFERED_TO_SEC_J_FOREIGN_WORKER","JI_FOREIGN_WORKER_LIVE_ON_PREMISES","JI_LIVE_IN_DOMESTIC_SERVICE","RECR_INFO_PROFESSIONAL_OCC","RECR_INFO_COLL_UNIV_TEACHER","RECR_INFO_EMPLOYER_REC_PAYMENT","FW_INFO_BIRTH_COUNTRY","CLASS_OF_ADMISSION","FOREIGN_WORKER_INFO_EDUCATION","FW_INFO_TRAINING_COMP","EMPLOYER_DECL_INFO_TITLE"
